{"BTC":39910.04519825279,"LTC":104.08988107567247,"USDT":1.00048857930396,"ETH":2995.999772474037,"BCH":297.75755110534203,"PLCU":90844.08895540764}